Question,Answer
What is 32 minus 59?,-27
What is the area of a circle with radius 46?,6644.24
What is 42 times 96?,4032
What is the area of a circle with radius 54?,9156.24
What is 89 plus 15?,104
What is 71 minus 14?,57
What is 46 times 54?,2484
A bag contains 44 red and 94 blue balls. What is the probability of drawing a red ball?,31.88%
What is 17 times 56?,952
A bag contains 44 red and 56 blue balls. What is the probability of drawing a red ball?,44.0%
What is 45 plus 86?,131
What is 43 minus 12?,31
"Find the median of 80, 45, and 72.",72
What is 77 divided by 99?,0
Find the derivative of 10x^2 at x = 19.,380
Find the derivative of 82x^2 at x = 16.,2624
What is the probability of rolling a die and getting a number greater than 57?,-850.0%
Find the derivative of 93x^2 at x = 50.,9300
What is 59 plus 86?,145
What is 37 plus 61?,98
"Find the median of 61, 65, and 33.",61
What is the solution for x in the equation 2x - 49 = 39?,44
What is 89 plus 28?,117
What is 55 minus 77?,-22
What is the solution for x in the equation 2x - 36 = 10?,23
What is the perimeter of a square with side length 89?,356
What is 28 plus 21?,49
A bag contains 55 red and 33 blue balls. What is the probability of drawing a red ball?,62.5%
What is the perimeter of a square with side length 43?,172
Solve for x in the equation x + 46 = 94.,48
What is 78 times 23?,1794
What is 54 times 40?,2160
What is 64 plus 65?,129
"Find the median of 86, 49, and 8.",49
What is the probability of rolling a die and getting a number greater than 38?,-533.33%
What is the area of a rectangle with width 28 and height 31?,868
What is 42 minus 97?,-55
What is the area of a rectangle with width 52 and height 62?,3224
Find the derivative of 88x^2 at x = 13.,2288
What is 29 plus 9?,38
What is 66 divided by 22?,3
Find the derivative of 79x^2 at x = 26.,4108
Calculate the integral of 73x from 0 to 62.,140306
What is 43 divided by 14?,3
What is the perimeter of a square with side length 89?,356
"Calculate the average of the numbers 94, 25, and 64.",61
What is the solution for x in the equation 2x - 88 = 55?,71
What is the solution for x in the equation 2x - 38 = 35?,36
What is 85 times 59?,5015
What is the solution for x in the equation 2x - 8 = 18?,13
What is the area of a rectangle with width 11 and height 90?,990
What is 43 divided by 58?,0
What is 68 times 33?,2244
What is the area of a rectangle with width 41 and height 99?,4059
What is the solution for x in the equation 2x - 24 = 83?,53
What is the solution for x in the equation 2x - 99 = 6?,52
What is 67 minus 97?,-30
"Find the median of 30, 22, and 90.",30
What is the probability of rolling a die and getting a number greater than 60?,-900.0%
What is 38 divided by 35?,1
Solve for x in the equation x + 6 = 16.,10
What is the solution for x in the equation 2x - 16 = 50?,33
What is the area of a rectangle with width 91 and height 61?,5551
A bag contains 16 red and 14 blue balls. What is the probability of drawing a red ball?,53.33%
What is 60 minus 73?,-13
What is 66 plus 16?,82
What is 51 minus 17?,34
What is the perimeter of a square with side length 90?,360
Solve for x in the equation x + 76 = 58.,-18
What is 50 times 100?,5000
Calculate the integral of 21x from 0 to 39.,15970
What is the perimeter of a square with side length 37?,148
Calculate the integral of 81x from 0 to 60.,145800
Solve for x in the equation x + 91 = 92.,1
"Find the median of 17, 87, and 70.",70
What is 80 times 45?,3600
"Find the median of 31, 79, and 92.",79
"Find the median of 53, 98, and 77.",77
A bag contains 53 red and 60 blue balls. What is the probability of drawing a red ball?,46.9%
What is 50 minus 66?,-16
What is the probability of rolling a die and getting a number greater than 89?,-1383.33%
Solve for x in the equation x + 16 = 52.,36
A bag contains 12 red and 27 blue balls. What is the probability of drawing a red ball?,30.77%
What is the solution for x in the equation 2x - 90 = 5?,47
What is the probability of rolling a die and getting a number greater than 31?,-416.67%
What is the probability of rolling a die and getting a number greater than 23?,-283.33%
What is the probability of rolling a die and getting a number greater than 41?,-583.33%
What is 95 minus 2?,93
What is 66 divided by 96?,0
What is the area of a circle with radius 71?,15828.74
What is the area of a circle with radius 55?,9498.5
What is 11 plus 31?,42
What is the area of a rectangle with width 14 and height 28?,392
"Calculate the average of the numbers 48, 44, and 22.",38
What is 16 divided by 78?,0
What is 25 divided by 6?,4
Solve for x in the equation x + 49 = 90.,41
Calculate the integral of 3x from 0 to 60.,5400
What is 3 divided by 83?,0
Find the derivative of 61x^2 at x = 84.,10248
What is the area of a circle with radius 20?,1256.0
What is the perimeter of a square with side length 6?,24
Solve for x in the equation x + 78 = 54.,-24
Find the derivative of 43x^2 at x = 16.,1376
What is 24 divided by 56?,0
What is 59 plus 69?,128
"Find the median of 73, 71, and 20.",71
What is the solution for x in the equation 2x - 91 = 40?,65
What is the probability of rolling a die and getting a number greater than 41?,-583.33%
What is the solution for x in the equation 2x - 86 = 93?,89
What is 10 plus 2?,12
"Find the median of 57, 50, and 15.",50
What is the perimeter of a square with side length 19?,76
What is 72 times 82?,5904
What is the probability of rolling a die and getting a number greater than 90?,-1400.0%
Find the derivative of 83x^2 at x = 72.,11952
What is the solution for x in the equation 2x - 100 = 59?,79
What is 19 minus 80?,-61
Solve for x in the equation x + 72 = 32.,-40
What is 40 divided by 31?,1
Calculate the integral of 95x from 0 to 81.,311647
Calculate the integral of 95x from 0 to 4.,760
Find the derivative of 28x^2 at x = 11.,616
What is the perimeter of a square with side length 16?,64
What is the probability of rolling a die and getting a number greater than 57?,-850.0%
What is the probability of rolling a die and getting a number greater than 39?,-550.0%
"Find the median of 95, 34, and 35.",35
What is the solution for x in the equation 2x - 62 = 21?,41
What is 7 minus 28?,-21
A bag contains 94 red and 23 blue balls. What is the probability of drawing a red ball?,80.34%
What is 22 minus 39?,-17
Find the derivative of 70x^2 at x = 50.,7000
What is the perimeter of a square with side length 67?,268
What is 38 plus 62?,100
What is the perimeter of a square with side length 69?,276
What is 60 plus 39?,99
What is 62 plus 92?,154
What is 36 divided by 36?,1
"Find the median of 1, 97, and 48.",48
What is the perimeter of a square with side length 92?,368
A bag contains 43 red and 78 blue balls. What is the probability of drawing a red ball?,35.54%
What is 30 times 74?,2220
What is the area of a circle with radius 53?,8820.26
What is the solution for x in the equation 2x - 86 = 8?,47
What is the probability of rolling a die and getting a number greater than 5?,16.67%
Calculate the integral of 88x from 0 to 75.,247500
What is 83 times 9?,747
Solve for x in the equation x + 24 = 61.,37
"Calculate the average of the numbers 51, 8, and 11.",23
What is 34 divided by 35?,0
What is the solution for x in the equation 2x - 9 = 15?,12
Solve for x in the equation x + 22 = 45.,23
What is the probability of rolling a die and getting a number greater than 57?,-850.0%
What is the perimeter of a square with side length 91?,364
"Find the median of 8, 14, and 51.",14
What is the perimeter of a square with side length 96?,384
What is the perimeter of a square with side length 66?,264
"Calculate the average of the numbers 10, 18, and 18.",15
A bag contains 72 red and 87 blue balls. What is the probability of drawing a red ball?,45.28%
Calculate the integral of 73x from 0 to 61.,135816
What is 97 plus 61?,158
A bag contains 79 red and 90 blue balls. What is the probability of drawing a red ball?,46.75%
Calculate the integral of 27x from 0 to 100.,135000
Find the derivative of 49x^2 at x = 34.,3332
Find the derivative of 91x^2 at x = 5.,910
"Calculate the average of the numbers 45, 26, and 64.",45
What is the area of a circle with radius 24?,1808.64
What is 50 divided by 37?,1
What is the probability of rolling a die and getting a number greater than 28?,-366.67%
What is the area of a circle with radius 39?,4775.94
"Calculate the average of the numbers 17, 83, and 72.",57
What is 22 plus 32?,54
What is 75 minus 81?,-6
What is 61 times 36?,2196
"Find the median of 19, 46, and 71.",46
What is 92 plus 31?,123
What is the perimeter of a square with side length 79?,316
"Calculate the average of the numbers 29, 19, and 57.",35
Find the derivative of 95x^2 at x = 64.,12160
What is 23 times 43?,989
A bag contains 22 red and 19 blue balls. What is the probability of drawing a red ball?,53.66%
What is the solution for x in the equation 2x - 15 = 46?,30
Find the derivative of 86x^2 at x = 6.,1032
What is the perimeter of a square with side length 13?,52
Calculate the integral of 63x from 0 to 94.,278334
What is the area of a rectangle with width 96 and height 63?,6048
What is the perimeter of a square with side length 84?,336
Find the derivative of 43x^2 at x = 1.,86
What is the area of a circle with radius 70?,15386.0
Calculate the integral of 70x from 0 to 11.,4235
Calculate the integral of 9x from 0 to 12.,648
What is 10 divided by 90?,0
What is the area of a circle with radius 41?,5278.34
What is the perimeter of a square with side length 53?,212
What is the area of a rectangle with width 40 and height 74?,2960
What is the area of a rectangle with width 83 and height 5?,415
What is the solution for x in the equation 2x - 14 = 88?,51
Solve for x in the equation x + 24 = 9.,-15
What is the probability of rolling a die and getting a number greater than 21?,-250.0%
What is 64 divided by 52?,1
Calculate the integral of 47x from 0 to 49.,56423
What is the area of a rectangle with width 50 and height 99?,4950
Solve for x in the equation x + 27 = 89.,62
Calculate the integral of 1x from 0 to 33.,544
What is the area of a circle with radius 100?,31400.0
"Calculate the average of the numbers 90, 71, and 92.",84
What is the area of a rectangle with width 85 and height 98?,8330
Find the derivative of 48x^2 at x = 5.,480
What is the probability of rolling a die and getting a number greater than 14?,-133.33%
A bag contains 13 red and 15 blue balls. What is the probability of drawing a red ball?,46.43%
What is 14 plus 37?,51
What is the solution for x in the equation 2x - 89 = 15?,52
What is the solution for x in the equation 2x - 82 = 10?,46
What is the probability of rolling a die and getting a number greater than 16?,-166.67%
What is the perimeter of a square with side length 86?,344
Find the derivative of 10x^2 at x = 73.,1460
Find the derivative of 97x^2 at x = 40.,7760
What is 35 divided by 50?,0
"Find the median of 17, 7, and 51.",17
What is the area of a rectangle with width 80 and height 77?,6160
What is the area of a rectangle with width 25 and height 92?,2300
What is 30 divided by 35?,0
What is 63 plus 38?,101
A bag contains 60 red and 67 blue balls. What is the probability of drawing a red ball?,47.24%
Find the derivative of 83x^2 at x = 38.,6308
What is 49 times 19?,931
Find the derivative of 25x^2 at x = 97.,4850
What is the solution for x in the equation 2x - 32 = 40?,36
What is 59 times 81?,4779
Solve for x in the equation x + 44 = 93.,49
Calculate the integral of 56x from 0 to 36.,36288
What is the area of a rectangle with width 45 and height 19?,855
Solve for x in the equation x + 37 = 1.,-36
What is the probability of rolling a die and getting a number greater than 96?,-1500.0%
What is the probability of rolling a die and getting a number greater than 13?,-116.67%
What is 75 minus 73?,2
What is the area of a circle with radius 24?,1808.64
Calculate the integral of 70x from 0 to 37.,47915
What is the perimeter of a square with side length 47?,188
What is the area of a rectangle with width 47 and height 49?,2303
Find the derivative of 70x^2 at x = 45.,6300
What is 73 times 86?,6278
What is 77 times 92?,7084
What is 34 times 98?,3332
"Find the median of 1, 7, and 63.",7
What is the area of a rectangle with width 65 and height 30?,1950
A bag contains 91 red and 8 blue balls. What is the probability of drawing a red ball?,91.92%
A bag contains 7 red and 70 blue balls. What is the probability of drawing a red ball?,9.09%
What is 66 minus 52?,14
What is 55 divided by 73?,0
Find the derivative of 35x^2 at x = 86.,6020
"Find the median of 75, 16, and 69.",69
What is 82 divided by 31?,2
What is the area of a circle with radius 81?,20601.54
What is the probability of rolling a die and getting a number greater than 21?,-250.0%
What is 27 divided by 58?,0
What is 69 times 46?,3174
What is the probability of rolling a die and getting a number greater than 71?,-1083.33%
What is the perimeter of a square with side length 30?,120
What is the solution for x in the equation 2x - 43 = 93?,68
What is the area of a circle with radius 30?,2826.0
Calculate the integral of 87x from 0 to 87.,329251
What is 97 minus 95?,2
What is 13 divided by 54?,0
Calculate the integral of 92x from 0 to 31.,44206
A bag contains 39 red and 1 blue balls. What is the probability of drawing a red ball?,97.5%
What is the probability of rolling a die and getting a number greater than 6?,0.0%
What is 71 plus 59?,130
"Find the median of 83, 45, and 51.",51
What is the perimeter of a square with side length 56?,224
What is the solution for x in the equation 2x - 46 = 77?,61
What is the area of a circle with radius 26?,2122.64
What is 76 minus 64?,12
"Calculate the average of the numbers 64, 60, and 71.",65
A bag contains 53 red and 99 blue balls. What is the probability of drawing a red ball?,34.87%
What is 64 divided by 76?,0
Solve for x in the equation x + 75 = 65.,-10
What is 92 plus 20?,112
Find the derivative of 77x^2 at x = 70.,10780
What is 80 minus 78?,2
A bag contains 39 red and 55 blue balls. What is the probability of drawing a red ball?,41.49%
What is the area of a circle with radius 56?,9847.04
A bag contains 32 red and 37 blue balls. What is the probability of drawing a red ball?,46.38%
What is the probability of rolling a die and getting a number greater than 70?,-1066.67%
What is the area of a circle with radius 46?,6644.24
What is the area of a circle with radius 62?,12070.16
Solve for x in the equation x + 13 = 89.,76
Solve for x in the equation x + 7 = 21.,14
What is the area of a rectangle with width 90 and height 31?,2790
"Find the median of 33, 6, and 79.",33
What is 83 minus 97?,-14
Find the derivative of 93x^2 at x = 63.,11718
What is 12 minus 53?,-41
Solve for x in the equation x + 80 = 80.,0
What is 6 plus 36?,42
What is the perimeter of a square with side length 26?,104
A bag contains 76 red and 34 blue balls. What is the probability of drawing a red ball?,69.09%
What is the area of a rectangle with width 28 and height 93?,2604
What is 7 times 68?,476
Solve for x in the equation x + 4 = 56.,52
"Find the median of 1, 93, and 70.",70
A bag contains 100 red and 12 blue balls. What is the probability of drawing a red ball?,89.29%
What is the solution for x in the equation 2x - 5 = 46?,25
What is 37 plus 79?,116
What is 46 times 18?,828
What is 50 plus 37?,87
What is 37 times 61?,2257
What is the perimeter of a square with side length 2?,8
What is 54 divided by 10?,5
What is 94 divided by 67?,1
Calculate the integral of 26x from 0 to 89.,102973
Calculate the integral of 23x from 0 to 72.,59616
"Calculate the average of the numbers 81, 53, and 96.",76
What is the probability of rolling a die and getting a number greater than 33?,-450.0%
What is 73 divided by 48?,1
"Find the median of 15, 58, and 18.",18
Calculate the integral of 63x from 0 to 93.,272443
What is the probability of rolling a die and getting a number greater than 53?,-783.33%
Solve for x in the equation x + 90 = 46.,-44
Find the derivative of 100x^2 at x = 92.,18400
Solve for x in the equation x + 16 = 97.,81
"Calculate the average of the numbers 38, 65, and 43.",48
What is the probability of rolling a die and getting a number greater than 53?,-783.33%
What is the probability of rolling a die and getting a number greater than 90?,-1400.0%
What is the perimeter of a square with side length 14?,56
What is 90 plus 80?,170
A bag contains 90 red and 52 blue balls. What is the probability of drawing a red ball?,63.38%
What is the area of a circle with radius 38?,4534.16
What is the solution for x in the equation 2x - 41 = 40?,40
Find the derivative of 7x^2 at x = 21.,294
What is the perimeter of a square with side length 80?,320
What is 56 times 31?,1736
What is the area of a circle with radius 33?,3419.46
Calculate the integral of 93x from 0 to 93.,402178
What is 5 divided by 6?,0
"Find the median of 40, 69, and 86.",69
A bag contains 71 red and 15 blue balls. What is the probability of drawing a red ball?,82.56%
"Calculate the average of the numbers 96, 66, and 63.",75
What is 58 divided by 54?,1
What is the perimeter of a square with side length 32?,128
Calculate the integral of 24x from 0 to 12.,1728
"Find the median of 76, 27, and 15.",27
Calculate the integral of 17x from 0 to 73.,45296
"Calculate the average of the numbers 5, 66, and 85.",52
What is 31 plus 9?,40
"Calculate the average of the numbers 24, 3, and 62.",29
A bag contains 61 red and 20 blue balls. What is the probability of drawing a red ball?,75.31%
What is 1 minus 49?,-48
What is 49 plus 44?,93
Solve for x in the equation x + 97 = 62.,-35
Calculate the integral of 20x from 0 to 93.,86490
What is the probability of rolling a die and getting a number greater than 32?,-433.33%
What is 43 divided by 77?,0
What is the perimeter of a square with side length 9?,36
What is 95 plus 53?,148
What is the area of a rectangle with width 22 and height 15?,330
"Find the median of 47, 64, and 44.",47
A bag contains 9 red and 16 blue balls. What is the probability of drawing a red ball?,36.0%
Find the derivative of 8x^2 at x = 58.,928
What is the solution for x in the equation 2x - 25 = 54?,39
What is the probability of rolling a die and getting a number greater than 8?,-33.33%
What is the area of a circle with radius 69?,14949.54
A bag contains 31 red and 40 blue balls. What is the probability of drawing a red ball?,43.66%
What is the perimeter of a square with side length 21?,84
What is the solution for x in the equation 2x - 45 = 20?,32
What is the perimeter of a square with side length 92?,368
What is the solution for x in the equation 2x - 67 = 15?,41
A bag contains 5 red and 17 blue balls. What is the probability of drawing a red ball?,22.73%
What is the perimeter of a square with side length 31?,124
What is 8 divided by 100?,0
What is 57 minus 25?,32
What is the area of a circle with radius 93?,27157.86
Calculate the integral of 99x from 0 to 36.,64152
Solve for x in the equation x + 22 = 100.,78
What is 43 divided by 1?,43
What is 28 minus 81?,-53
What is 26 times 49?,1274
Solve for x in the equation x + 54 = 45.,-9
What is the area of a rectangle with width 83 and height 77?,6391
"Calculate the average of the numbers 87, 79, and 79.",81
What is the probability of rolling a die and getting a number greater than 1?,83.33%
"Calculate the average of the numbers 60, 3, and 97.",53
Find the derivative of 33x^2 at x = 63.,4158
What is 29 divided by 52?,0
What is 80 plus 5?,85
What is the solution for x in the equation 2x - 90 = 50?,70
"Find the median of 23, 61, and 13.",23
What is the area of a rectangle with width 25 and height 52?,1300
"Calculate the average of the numbers 96, 18, and 61.",58
What is 96 minus 98?,-2
What is the area of a circle with radius 9?,254.34
What is 12 times 18?,216
What is 57 divided by 66?,0
Find the derivative of 96x^2 at x = 81.,15552
Find the derivative of 49x^2 at x = 93.,9114
"Find the median of 96, 10, and 46.",46
A bag contains 43 red and 89 blue balls. What is the probability of drawing a red ball?,32.58%
What is the solution for x in the equation 2x - 99 = 33?,66
Calculate the integral of 12x from 0 to 67.,26934
Find the derivative of 59x^2 at x = 15.,1770
What is 87 times 17?,1479
What is 58 divided by 68?,0
What is the area of a rectangle with width 73 and height 7?,511
What is 21 divided by 52?,0
What is the area of a rectangle with width 57 and height 99?,5643
What is the probability of rolling a die and getting a number greater than 92?,-1433.33%
What is the area of a circle with radius 88?,24316.16
What is the solution for x in the equation 2x - 43 = 93?,68
What is the solution for x in the equation 2x - 62 = 23?,42
What is 93 minus 93?,0
Solve for x in the equation x + 15 = 79.,64
What is 49 times 34?,1666
What is the solution for x in the equation 2x - 61 = 2?,31
What is 55 plus 22?,77
What is 99 plus 35?,134
What is 13 minus 60?,-47
What is 39 plus 22?,61
What is the solution for x in the equation 2x - 33 = 77?,55
"Calculate the average of the numbers 78, 66, and 11.",51
Calculate the integral of 2x from 0 to 49.,2401
What is 23 plus 51?,74
What is the probability of rolling a die and getting a number greater than 32?,-433.33%
What is the area of a rectangle with width 84 and height 88?,7392
Find the derivative of 50x^2 at x = 32.,3200
What is the area of a circle with radius 54?,9156.24
"Find the median of 86, 63, and 7.",63
"Calculate the average of the numbers 78, 42, and 7.",42
What is the solution for x in the equation 2x - 26 = 78?,52
Calculate the integral of 76x from 0 to 62.,146072
Solve for x in the equation x + 83 = 4.,-79
"Find the median of 78, 16, and 74.",74
"Find the median of 56, 32, and 22.",32
Calculate the integral of 70x from 0 to 59.,121835
Solve for x in the equation x + 72 = 15.,-57
What is 31 times 6?,186
What is the probability of rolling a die and getting a number greater than 20?,-233.33%
What is 64 minus 17?,47
What is the probability of rolling a die and getting a number greater than 24?,-300.0%
What is the solution for x in the equation 2x - 22 = 98?,60
A bag contains 40 red and 22 blue balls. What is the probability of drawing a red ball?,64.52%
"Find the median of 7, 85, and 32.",32
What is the area of a rectangle with width 69 and height 1?,69
What is the area of a rectangle with width 88 and height 76?,6688
What is 44 divided by 91?,0
"Find the median of 70, 55, and 31.",55
What is the area of a rectangle with width 16 and height 81?,1296
"Calculate the average of the numbers 4, 13, and 12.",9
What is the area of a rectangle with width 63 and height 69?,4347
What is the area of a rectangle with width 94 and height 57?,5358
"Calculate the average of the numbers 3, 51, and 12.",22
Calculate the integral of 81x from 0 to 40.,64800
Find the derivative of 44x^2 at x = 70.,6160
What is the perimeter of a square with side length 75?,300
What is 56 times 90?,5040
What is 40 times 20?,800
What is 39 plus 3?,42
"Calculate the average of the numbers 30, 94, and 93.",72
What is the solution for x in the equation 2x - 3 = 17?,10
Solve for x in the equation x + 16 = 52.,36
What is the probability of rolling a die and getting a number greater than 24?,-300.0%
What is the perimeter of a square with side length 85?,340
What is 49 plus 6?,55
What is the solution for x in the equation 2x - 71 = 74?,72
What is 36 times 8?,288
What is the perimeter of a square with side length 34?,136
"Calculate the average of the numbers 16, 98, and 11.",41
A bag contains 70 red and 50 blue balls. What is the probability of drawing a red ball?,58.33%
A bag contains 72 red and 72 blue balls. What is the probability of drawing a red ball?,50.0%
A bag contains 29 red and 71 blue balls. What is the probability of drawing a red ball?,29.0%
What is the area of a circle with radius 11?,379.94
A bag contains 52 red and 37 blue balls. What is the probability of drawing a red ball?,58.43%
What is the probability of rolling a die and getting a number greater than 63?,-950.0%
What is the probability of rolling a die and getting a number greater than 59?,-883.33%
Find the derivative of 53x^2 at x = 7.,742
What is the probability of rolling a die and getting a number greater than 77?,-1183.33%
A bag contains 79 red and 37 blue balls. What is the probability of drawing a red ball?,68.1%
"Find the median of 75, 100, and 58.",75
"Calculate the average of the numbers 71, 79, and 68.",72
What is the area of a rectangle with width 97 and height 43?,4171
Calculate the integral of 98x from 0 to 30.,44100
Calculate the integral of 26x from 0 to 39.,19773
What is 74 divided by 62?,1
What is 75 divided by 57?,1
A bag contains 59 red and 41 blue balls. What is the probability of drawing a red ball?,59.0%
What is the area of a circle with radius 55?,9498.5
What is the probability of rolling a die and getting a number greater than 56?,-833.33%
What is the area of a rectangle with width 6 and height 9?,54
What is 16 plus 29?,45
A bag contains 67 red and 45 blue balls. What is the probability of drawing a red ball?,59.82%
"Calculate the average of the numbers 93, 26, and 4.",41
Find the derivative of 57x^2 at x = 77.,8778
What is the area of a rectangle with width 25 and height 84?,2100
"Calculate the average of the numbers 23, 51, and 3.",25
What is the area of a circle with radius 79?,19596.74
Calculate the integral of 3x from 0 to 82.,10086
"Calculate the average of the numbers 41, 26, and 82.",49
What is the probability of rolling a die and getting a number greater than 38?,-533.33%
"Calculate the average of the numbers 40, 40, and 67.",49
What is 14 plus 88?,102
A bag contains 1 red and 94 blue balls. What is the probability of drawing a red ball?,1.05%
What is the area of a circle with radius 83?,21631.46
What is the perimeter of a square with side length 59?,236
"Find the median of 64, 3, and 64.",64
What is 66 minus 34?,32
What is the probability of rolling a die and getting a number greater than 3?,50.0%
What is the solution for x in the equation 2x - 82 = 20?,51
What is 88 times 76?,6688
"Calculate the average of the numbers 76, 12, and 20.",36
A bag contains 26 red and 92 blue balls. What is the probability of drawing a red ball?,22.03%
What is 82 minus 54?,28
What is 67 plus 13?,80
What is 80 divided by 33?,2
"Find the median of 42, 17, and 90.",42
Calculate the integral of 13x from 0 to 42.,11466
Calculate the integral of 56x from 0 to 42.,49392
"Find the median of 71, 41, and 7.",41
What is the probability of rolling a die and getting a number greater than 51?,-750.0%
What is the solution for x in the equation 2x - 92 = 20?,56
What is the probability of rolling a die and getting a number greater than 34?,-466.67%
What is the area of a circle with radius 4?,50.24
What is 48 minus 38?,10
Calculate the integral of 55x from 0 to 77.,163047
What is the perimeter of a square with side length 42?,168
What is 30 divided by 69?,0
What is the area of a rectangle with width 1 and height 42?,42
Solve for x in the equation x + 93 = 100.,7
What is 25 plus 79?,104
Find the derivative of 94x^2 at x = 30.,5640
What is the area of a rectangle with width 20 and height 68?,1360
What is 65 plus 79?,144
"Calculate the average of the numbers 83, 50, and 16.",49
What is 54 times 95?,5130
What is the solution for x in the equation 2x - 93 = 17?,55
What is the area of a circle with radius 72?,16277.76
What is 91 plus 32?,123
What is the area of a circle with radius 8?,200.96
"Calculate the average of the numbers 28, 38, and 49.",38
What is 24 minus 33?,-9
What is the solution for x in the equation 2x - 3 = 77?,40
Calculate the integral of 35x from 0 to 78.,106470
What is the area of a circle with radius 55?,9498.5
"Find the median of 47, 50, and 45.",47
What is 62 times 79?,4898
What is 90 divided by 82?,1
"Find the median of 1, 4, and 28.",4
What is the area of a rectangle with width 11 and height 42?,462
What is the area of a circle with radius 76?,18136.64
Calculate the integral of 9x from 0 to 8.,288
What is 44 minus 73?,-29
Find the derivative of 63x^2 at x = 22.,2772
What is 21 divided by 50?,0
"Find the median of 85, 44, and 39.",44
What is the area of a rectangle with width 35 and height 36?,1260
"Calculate the average of the numbers 69, 61, and 60.",63
What is the area of a rectangle with width 5 and height 43?,215
What is 56 times 17?,952
What is 38 plus 81?,119
"Calculate the average of the numbers 89, 11, and 56.",52
What is 9 times 80?,720
What is the perimeter of a square with side length 47?,188
What is the area of a rectangle with width 85 and height 83?,7055
Find the derivative of 78x^2 at x = 42.,6552
Solve for x in the equation x + 66 = 84.,18
What is 85 plus 20?,105
"Find the median of 50, 89, and 67.",67
What is 86 plus 67?,153
What is the probability of rolling a die and getting a number greater than 87?,-1350.0%
What is the area of a circle with radius 88?,24316.16
Solve for x in the equation x + 31 = 80.,49
"Find the median of 85, 86, and 52.",85
Solve for x in the equation x + 23 = 99.,76
"Calculate the average of the numbers 97, 59, and 15.",57
What is the probability of rolling a die and getting a number greater than 85?,-1316.67%
What is 86 minus 72?,14
What is 42 divided by 78?,0
What is 41 times 98?,4018
Solve for x in the equation x + 76 = 46.,-30
What is 68 times 45?,3060
Calculate the integral of 3x from 0 to 42.,2646
What is the perimeter of a square with side length 8?,32
What is 42 plus 83?,125
What is the perimeter of a square with side length 49?,196
What is the probability of rolling a die and getting a number greater than 45?,-650.0%
What is the perimeter of a square with side length 41?,164
What is the solution for x in the equation 2x - 11 = 22?,16
What is the perimeter of a square with side length 19?,76
What is 21 times 40?,840
What is the solution for x in the equation 2x - 37 = 45?,41
What is the solution for x in the equation 2x - 39 = 85?,62
"Calculate the average of the numbers 63, 90, and 79.",77
"Calculate the average of the numbers 16, 72, and 84.",57
What is 3 times 77?,231
What is the area of a circle with radius 61?,11683.94
What is 95 plus 68?,163
What is the area of a circle with radius 28?,2461.76
Solve for x in the equation x + 58 = 58.,0
Calculate the integral of 100x from 0 to 69.,238050
Find the derivative of 90x^2 at x = 67.,12060
What is 1 times 92?,92
What is the area of a circle with radius 83?,21631.46
What is the perimeter of a square with side length 63?,252
"Find the median of 59, 92, and 17.",59
What is the solution for x in the equation 2x - 5 = 75?,40
What is the solution for x in the equation 2x - 89 = 47?,68
Calculate the integral of 97x from 0 to 61.,180468
What is 88 minus 46?,42
What is the area of a rectangle with width 81 and height 65?,5265
What is 45 plus 70?,115
What is the area of a circle with radius 58?,10562.96
What is the perimeter of a square with side length 56?,224
Solve for x in the equation x + 70 = 63.,-7
What is 90 times 98?,8820
What is 39 times 44?,1716
Find the derivative of 34x^2 at x = 37.,2516
What is the area of a rectangle with width 31 and height 43?,1333
"Find the median of 79, 68, and 86.",79
What is the area of a rectangle with width 64 and height 79?,5056
Find the derivative of 59x^2 at x = 89.,10502
What is 19 plus 22?,41
"Calculate the average of the numbers 64, 30, and 23.",39
Solve for x in the equation x + 51 = 32.,-19
What is 89 minus 86?,3
What is 92 minus 4?,88
What is 24 times 9?,216
Solve for x in the equation x + 17 = 92.,75
"Calculate the average of the numbers 14, 59, and 99.",57
What is 4 times 32?,128
What is 34 times 75?,2550
What is 41 minus 75?,-34
Find the derivative of 75x^2 at x = 22.,3300
What is 100 divided by 98?,1
What is 36 minus 33?,3
What is 85 times 4?,340
What is 63 divided by 13?,4
Solve for x in the equation x + 40 = 99.,59
"Find the median of 24, 25, and 94.",25
What is the area of a circle with radius 50?,7850.0
What is the solution for x in the equation 2x - 37 = 39?,38
"Find the median of 91, 6, and 90.",90
What is 83 divided by 17?,4
What is the area of a rectangle with width 22 and height 5?,110
What is the perimeter of a square with side length 42?,168
What is 87 times 65?,5655
What is the perimeter of a square with side length 38?,152
What is 85 plus 97?,182
What is the area of a circle with radius 2?,12.56
"Calculate the average of the numbers 51, 21, and 74.",48
What is 100 divided by 87?,1
"Find the median of 82, 43, and 45.",45
What is the probability of rolling a die and getting a number greater than 13?,-116.67%
What is the solution for x in the equation 2x - 24 = 87?,55
"Calculate the average of the numbers 8, 46, and 55.",36
What is the solution for x in the equation 2x - 66 = 19?,42
What is the solution for x in the equation 2x - 38 = 44?,41
Calculate the integral of 5x from 0 to 51.,6502
What is the probability of rolling a die and getting a number greater than 86?,-1333.33%
What is 7 divided by 62?,0
What is the area of a rectangle with width 46 and height 46?,2116
Calculate the integral of 15x from 0 to 46.,15870
What is the area of a rectangle with width 69 and height 27?,1863
"Find the median of 2, 57, and 81.",57
What is 87 minus 49?,38
What is the area of a circle with radius 47?,6936.26
What is the solution for x in the equation 2x - 73 = 15?,44
What is 83 minus 91?,-8
Calculate the integral of 38x from 0 to 86.,140524
What is the perimeter of a square with side length 47?,188
What is the probability of rolling a die and getting a number greater than 22?,-266.67%
"Calculate the average of the numbers 24, 81, and 50.",51
What is the solution for x in the equation 2x - 40 = 34?,37
What is 25 plus 59?,84
What is the probability of rolling a die and getting a number greater than 89?,-1383.33%
Calculate the integral of 62x from 0 to 96.,285696
Find the derivative of 20x^2 at x = 89.,3560
What is 67 minus 85?,-18
What is the solution for x in the equation 2x - 80 = 86?,83
"Calculate the average of the numbers 71, 33, and 59.",54
Find the derivative of 37x^2 at x = 84.,6216
What is 83 minus 95?,-12
What is 53 plus 19?,72
What is 32 divided by 69?,0
What is 65 minus 6?,59
Calculate the integral of 24x from 0 to 67.,53868
Solve for x in the equation x + 59 = 57.,-2
Solve for x in the equation x + 49 = 56.,7
Calculate the integral of 10x from 0 to 91.,41405
Solve for x in the equation x + 41 = 69.,28
What is the area of a circle with radius 58?,10562.96
What is 78 plus 29?,107
Calculate the integral of 3x from 0 to 36.,1944
Solve for x in the equation x + 18 = 25.,7
What is the probability of rolling a die and getting a number greater than 29?,-383.33%
Find the derivative of 43x^2 at x = 78.,6708
Calculate the integral of 78x from 0 to 79.,243399
Solve for x in the equation x + 26 = 16.,-10
Calculate the integral of 88x from 0 to 16.,11264
What is the area of a circle with radius 97?,29544.26
What is the probability of rolling a die and getting a number greater than 30?,-400.0%
"Find the median of 98, 42, and 62.",62
Find the derivative of 81x^2 at x = 40.,6480
What is the perimeter of a square with side length 91?,364
What is the probability of rolling a die and getting a number greater than 80?,-1233.33%
What is the probability of rolling a die and getting a number greater than 30?,-400.0%
What is the probability of rolling a die and getting a number greater than 82?,-1266.67%
"Find the median of 22, 22, and 13.",22
What is the solution for x in the equation 2x - 82 = 91?,86
What is the perimeter of a square with side length 9?,36
Find the derivative of 37x^2 at x = 42.,3108
What is the area of a circle with radius 44?,6079.04
A bag contains 68 red and 28 blue balls. What is the probability of drawing a red ball?,70.83%
Calculate the integral of 60x from 0 to 54.,87480
What is 92 divided by 30?,3
What is the area of a rectangle with width 71 and height 84?,5964
What is the perimeter of a square with side length 43?,172
What is 94 minus 41?,53
Solve for x in the equation x + 52 = 7.,-45
What is the solution for x in the equation 2x - 26 = 26?,26
What is the perimeter of a square with side length 55?,220
What is 70 plus 82?,152
Find the derivative of 98x^2 at x = 30.,5880
What is 22 plus 52?,74
What is the probability of rolling a die and getting a number greater than 14?,-133.33%
A bag contains 8 red and 65 blue balls. What is the probability of drawing a red ball?,10.96%
What is 86 minus 20?,66
What is the perimeter of a square with side length 64?,256
What is 56 minus 82?,-26
What is the perimeter of a square with side length 59?,236
What is the probability of rolling a die and getting a number greater than 17?,-183.33%
"Calculate the average of the numbers 7, 16, and 7.",10
"Calculate the average of the numbers 51, 58, and 94.",67
What is the area of a rectangle with width 62 and height 27?,1674
What is the area of a rectangle with width 6 and height 36?,216
A bag contains 49 red and 95 blue balls. What is the probability of drawing a red ball?,34.03%
Solve for x in the equation x + 11 = 79.,68
What is the area of a circle with radius 64?,12861.44
"Find the median of 87, 34, and 60.",60
A bag contains 60 red and 4 blue balls. What is the probability of drawing a red ball?,93.75%
"Calculate the average of the numbers 90, 99, and 50.",79
Find the derivative of 56x^2 at x = 34.,3808
What is 58 minus 92?,-34
What is 35 plus 29?,64
What is 69 divided by 6?,11
Solve for x in the equation x + 68 = 49.,-19
Calculate the integral of 97x from 0 to 72.,251424
What is 88 times 54?,4752
What is the area of a rectangle with width 66 and height 66?,4356
Solve for x in the equation x + 2 = 59.,57
What is the probability of rolling a die and getting a number greater than 1?,83.33%
"Find the median of 57, 32, and 91.",57
"Calculate the average of the numbers 15, 18, and 58.",30
"Find the median of 59, 8, and 61.",59
"Calculate the average of the numbers 4, 7, and 47.",19
Calculate the integral of 15x from 0 to 72.,38880
Solve for x in the equation x + 12 = 83.,71
"Calculate the average of the numbers 97, 59, and 2.",52
What is 52 minus 59?,-7
What is the solution for x in the equation 2x - 21 = 30?,25
What is the area of a circle with radius 55?,9498.5
What is the perimeter of a square with side length 27?,108
Solve for x in the equation x + 61 = 15.,-46
Calculate the integral of 41x from 0 to 88.,158752
Solve for x in the equation x + 46 = 42.,-4
What is 14 minus 8?,6
"Calculate the average of the numbers 15, 75, and 90.",60
What is the area of a rectangle with width 46 and height 54?,2484
What is 28 plus 58?,86
What is 53 minus 64?,-11
What is 59 divided by 70?,0
"Calculate the average of the numbers 24, 44, and 15.",27
What is 73 minus 88?,-15
What is the area of a rectangle with width 54 and height 93?,5022
What is 73 times 91?,6643
A bag contains 7 red and 45 blue balls. What is the probability of drawing a red ball?,13.46%
What is the solution for x in the equation 2x - 86 = 44?,65
What is the probability of rolling a die and getting a number greater than 72?,-1100.0%
What is 94 minus 6?,88
What is 89 times 44?,3916
Solve for x in the equation x + 26 = 74.,48
Solve for x in the equation x + 47 = 36.,-11
Calculate the integral of 51x from 0 to 67.,114469
What is 57 divided by 41?,1
What is 19 plus 36?,55
What is 90 times 11?,990
Find the derivative of 78x^2 at x = 24.,3744
"Calculate the average of the numbers 16, 24, and 12.",17
What is 2 divided by 69?,0
What is the probability of rolling a die and getting a number greater than 67?,-1016.67%
What is 17 plus 30?,47
What is 73 minus 66?,7
What is 100 minus 5?,95
Solve for x in the equation x + 54 = 27.,-27
"Find the median of 55, 25, and 55.",55
What is the solution for x in the equation 2x - 80 = 63?,71
What is 46 minus 13?,33
What is the area of a circle with radius 100?,31400.0
"Find the median of 85, 99, and 95.",95
Solve for x in the equation x + 55 = 9.,-46
What is 85 divided by 34?,2
"Calculate the average of the numbers 91, 59, and 84.",78
What is the perimeter of a square with side length 75?,300
What is the area of a rectangle with width 88 and height 52?,4576
Find the derivative of 92x^2 at x = 87.,16008
What is 69 times 59?,4071
What is the probability of rolling a die and getting a number greater than 72?,-1100.0%
What is the area of a circle with radius 7?,153.86
What is 45 minus 86?,-41
Find the derivative of 31x^2 at x = 36.,2232
Calculate the integral of 45x from 0 to 66.,98010
Calculate the integral of 24x from 0 to 94.,106032
What is 8 plus 52?,60
What is the solution for x in the equation 2x - 98 = 25?,61
Find the derivative of 40x^2 at x = 76.,6080
What is the area of a circle with radius 52?,8490.56
Find the derivative of 96x^2 at x = 86.,16512
"Calculate the average of the numbers 25, 100, and 99.",74
What is 55 times 7?,385
"Find the median of 24, 74, and 66.",66
Solve for x in the equation x + 92 = 87.,-5
Solve for x in the equation x + 54 = 60.,6
What is 70 minus 47?,23
A bag contains 41 red and 62 blue balls. What is the probability of drawing a red ball?,39.81%
What is the probability of rolling a die and getting a number greater than 53?,-783.33%
What is 97 plus 100?,197
What is 73 plus 36?,109
Calculate the integral of 16x from 0 to 77.,47432
"Calculate the average of the numbers 49, 72, and 34.",51
"Find the median of 55, 65, and 94.",65
What is the perimeter of a square with side length 86?,344
A bag contains 75 red and 45 blue balls. What is the probability of drawing a red ball?,62.5%
Find the derivative of 12x^2 at x = 26.,624
What is the area of a rectangle with width 68 and height 26?,1768
What is the perimeter of a square with side length 94?,376
Calculate the integral of 68x from 0 to 28.,26656
What is the perimeter of a square with side length 8?,32
What is 49 divided by 2?,24
A bag contains 6 red and 33 blue balls. What is the probability of drawing a red ball?,15.38%
"Find the median of 75, 81, and 40.",75
"Find the median of 33, 55, and 75.",55
Calculate the integral of 66x from 0 to 55.,99825
What is the area of a rectangle with width 93 and height 45?,4185
What is the area of a circle with radius 51?,8167.14
Calculate the integral of 57x from 0 to 69.,135688
What is the solution for x in the equation 2x - 39 = 56?,47
"Calculate the average of the numbers 73, 35, and 43.",50
A bag contains 36 red and 24 blue balls. What is the probability of drawing a red ball?,60.0%
What is the area of a rectangle with width 12 and height 84?,1008
"Find the median of 96, 2, and 72.",72
What is 100 times 31?,3100
What is the solution for x in the equation 2x - 64 = 84?,74
What is the perimeter of a square with side length 74?,296
What is the area of a circle with radius 24?,1808.64
What is 10 plus 37?,47
What is the area of a circle with radius 29?,2640.74
What is the probability of rolling a die and getting a number greater than 10?,-66.67%
Find the derivative of 65x^2 at x = 60.,7800
What is 22 times 57?,1254
A bag contains 30 red and 93 blue balls. What is the probability of drawing a red ball?,24.39%
"Calculate the average of the numbers 30, 12, and 70.",37
What is the probability of rolling a die and getting a number greater than 15?,-150.0%
What is the area of a circle with radius 8?,200.96
What is 94 times 29?,2726
What is the area of a circle with radius 42?,5538.96
A bag contains 72 red and 54 blue balls. What is the probability of drawing a red ball?,57.14%
A bag contains 69 red and 75 blue balls. What is the probability of drawing a red ball?,47.92%
What is 8 minus 37?,-29
"Find the median of 77, 58, and 69.",69
Solve for x in the equation x + 44 = 63.,19
What is the perimeter of a square with side length 14?,56
Calculate the integral of 68x from 0 to 53.,95506
Solve for x in the equation x + 58 = 52.,-6
"Calculate the average of the numbers 25, 60, and 22.",35
What is the area of a rectangle with width 38 and height 11?,418
What is 51 divided by 67?,0
What is the area of a rectangle with width 3 and height 82?,246
A bag contains 61 red and 64 blue balls. What is the probability of drawing a red ball?,48.8%
What is 94 plus 67?,161
"Find the median of 58, 51, and 73.",58
Solve for x in the equation x + 93 = 75.,-18
What is the area of a circle with radius 13?,530.66
Solve for x in the equation x + 64 = 18.,-46
What is the area of a rectangle with width 72 and height 3?,216
What is the area of a circle with radius 6?,113.04
"Find the median of 48, 19, and 86.",48
What is 65 times 80?,5200
Solve for x in the equation x + 75 = 38.,-37
What is 25 divided by 37?,0
What is 49 minus 21?,28
What is 95 times 38?,3610
A bag contains 75 red and 68 blue balls. What is the probability of drawing a red ball?,52.45%
Solve for x in the equation x + 85 = 6.,-79
What is the area of a circle with radius 98?,30156.56
What is 32 plus 99?,131
What is the area of a rectangle with width 11 and height 45?,495
What is the area of a circle with radius 54?,9156.24
What is the perimeter of a square with side length 59?,236
"Find the median of 29, 30, and 99.",30
What is the area of a rectangle with width 58 and height 47?,2726
A bag contains 54 red and 53 blue balls. What is the probability of drawing a red ball?,50.47%
Find the derivative of 31x^2 at x = 24.,1488
What is the area of a rectangle with width 79 and height 36?,2844
What is the perimeter of a square with side length 66?,264
What is the area of a rectangle with width 98 and height 84?,8232
Find the derivative of 25x^2 at x = 23.,1150
Solve for x in the equation x + 90 = 31.,-59
What is the area of a rectangle with width 79 and height 49?,3871
What is 57 times 87?,4959
"Find the median of 20, 75, and 51.",51
What is 2 minus 78?,-76
What is the area of a rectangle with width 69 and height 47?,3243
What is 48 divided by 81?,0
"Find the median of 27, 34, and 84.",34
Calculate the integral of 76x from 0 to 63.,150822
What is the area of a rectangle with width 12 and height 68?,816
Solve for x in the equation x + 40 = 82.,42
Calculate the integral of 29x from 0 to 51.,37714
What is 35 times 29?,1015
"Calculate the average of the numbers 52, 4, and 78.",44
A bag contains 77 red and 39 blue balls. What is the probability of drawing a red ball?,66.38%
What is the perimeter of a square with side length 49?,196
What is the perimeter of a square with side length 50?,200
What is 37 minus 94?,-57
Find the derivative of 32x^2 at x = 45.,2880
What is the perimeter of a square with side length 28?,112
A bag contains 41 red and 60 blue balls. What is the probability of drawing a red ball?,40.59%
Find the derivative of 36x^2 at x = 24.,1728
What is the area of a rectangle with width 24 and height 31?,744
What is the perimeter of a square with side length 28?,112
"Calculate the average of the numbers 17, 14, and 8.",13
What is the area of a circle with radius 51?,8167.14
What is 87 divided by 47?,1
Find the derivative of 59x^2 at x = 71.,8378
A bag contains 90 red and 68 blue balls. What is the probability of drawing a red ball?,56.96%
What is 13 divided by 32?,0
What is the solution for x in the equation 2x - 27 = 5?,16
What is 4 plus 43?,47
Find the derivative of 94x^2 at x = 54.,10152
Solve for x in the equation x + 48 = 75.,27
What is the area of a circle with radius 17?,907.46
What is the solution for x in the equation 2x - 50 = 6?,28
What is 14 times 3?,42
"Calculate the average of the numbers 53, 56, and 19.",42
What is the area of a circle with radius 16?,803.84
Calculate the integral of 20x from 0 to 69.,47610
What is 58 plus 72?,130
What is the perimeter of a square with side length 53?,212
What is the perimeter of a square with side length 50?,200
What is the area of a rectangle with width 58 and height 53?,3074
What is 6 plus 4?,10
What is the area of a rectangle with width 16 and height 89?,1424
A bag contains 84 red and 97 blue balls. What is the probability of drawing a red ball?,46.41%
"Find the median of 79, 83, and 45.",79
What is the probability of rolling a die and getting a number greater than 64?,-966.67%
What is the perimeter of a square with side length 94?,376
What is 100 plus 1?,101
A bag contains 86 red and 57 blue balls. What is the probability of drawing a red ball?,60.14%
What is 46 times 72?,3312
What is the solution for x in the equation 2x - 72 = 3?,37
What is 4 minus 41?,-37
What is 81 minus 52?,29
What is 71 times 98?,6958
What is the solution for x in the equation 2x - 70 = 70?,70
What is 37 minus 18?,19
"Calculate the average of the numbers 9, 49, and 31.",29
What is the area of a circle with radius 24?,1808.64
Find the derivative of 31x^2 at x = 39.,2418
A bag contains 36 red and 92 blue balls. What is the probability of drawing a red ball?,28.12%
What is the area of a rectangle with width 70 and height 82?,5740
Solve for x in the equation x + 4 = 7.,3
What is the area of a rectangle with width 36 and height 93?,3348
"Calculate the average of the numbers 78, 16, and 73.",55
A bag contains 69 red and 44 blue balls. What is the probability of drawing a red ball?,61.06%
What is the area of a circle with radius 93?,27157.86
What is the probability of rolling a die and getting a number greater than 92?,-1433.33%
Find the derivative of 4x^2 at x = 68.,544
What is the solution for x in the equation 2x - 46 = 4?,25
Calculate the integral of 58x from 0 to 70.,142100
"Find the median of 99, 14, and 98.",98
Find the derivative of 43x^2 at x = 69.,5934
What is the perimeter of a square with side length 42?,168
What is the area of a rectangle with width 12 and height 47?,564
"Calculate the average of the numbers 92, 26, and 64.",60
What is 11 times 27?,297
Calculate the integral of 70x from 0 to 43.,64715
What is the perimeter of a square with side length 63?,252
What is 62 times 32?,1984
What is 40 divided by 34?,1
What is the area of a circle with radius 76?,18136.64
What is 27 divided by 39?,0
Find the derivative of 50x^2 at x = 25.,2500
What is the solution for x in the equation 2x - 63 = 55?,59
What is 72 divided by 75?,0
What is the area of a circle with radius 42?,5538.96
"Find the median of 60, 12, and 68.",60
What is the probability of rolling a die and getting a number greater than 55?,-816.67%
What is the area of a circle with radius 44?,6079.04
What is the area of a circle with radius 62?,12070.16
What is the solution for x in the equation 2x - 60 = 96?,78
"Find the median of 25, 89, and 13.",25
What is the probability of rolling a die and getting a number greater than 44?,-633.33%
Solve for x in the equation x + 79 = 86.,7
What is 98 times 81?,7938
What is the solution for x in the equation 2x - 4 = 51?,27
A bag contains 7 red and 83 blue balls. What is the probability of drawing a red ball?,7.78%
A bag contains 46 red and 49 blue balls. What is the probability of drawing a red ball?,48.42%
Find the derivative of 96x^2 at x = 19.,3648
"Calculate the average of the numbers 5, 58, and 69.",44
"Calculate the average of the numbers 65, 34, and 8.",35
What is the probability of rolling a die and getting a number greater than 89?,-1383.33%
Find the derivative of 76x^2 at x = 11.,1672
What is 6 divided by 68?,0
A bag contains 64 red and 54 blue balls. What is the probability of drawing a red ball?,54.24%
A bag contains 1 red and 17 blue balls. What is the probability of drawing a red ball?,5.56%
What is the solution for x in the equation 2x - 50 = 89?,69
"Find the median of 79, 6, and 36.",36
Solve for x in the equation x + 79 = 70.,-9
What is 70 divided by 10?,7
What is the area of a circle with radius 2?,12.56
Solve for x in the equation x + 65 = 12.,-53
What is 61 plus 97?,158
Calculate the integral of 73x from 0 to 90.,295650
What is 46 divided by 93?,0
What is the solution for x in the equation 2x - 29 = 70?,49
What is 48 divided by 46?,1
What is the solution for x in the equation 2x - 59 = 48?,53
Find the derivative of 91x^2 at x = 76.,13832
"Calculate the average of the numbers 20, 50, and 32.",34
What is the perimeter of a square with side length 77?,308
What is the probability of rolling a die and getting a number greater than 52?,-766.67%
Find the derivative of 86x^2 at x = 74.,12728
What is the area of a rectangle with width 51 and height 64?,3264
What is 92 times 84?,7728
What is the probability of rolling a die and getting a number greater than 14?,-133.33%
A bag contains 33 red and 98 blue balls. What is the probability of drawing a red ball?,25.19%
What is 6 divided by 70?,0
Solve for x in the equation x + 74 = 33.,-41
Find the derivative of 30x^2 at x = 14.,840
What is the area of a rectangle with width 100 and height 77?,7700
What is the probability of rolling a die and getting a number greater than 84?,-1300.0%
What is 55 plus 4?,59
What is the area of a rectangle with width 70 and height 7?,490
Calculate the integral of 38x from 0 to 2.,76
Solve for x in the equation x + 76 = 26.,-50
What is 89 divided by 90?,0
What is 73 times 46?,3358
Calculate the integral of 99x from 0 to 71.,249529
Calculate the integral of 29x from 0 to 94.,128122
A bag contains 90 red and 51 blue balls. What is the probability of drawing a red ball?,63.83%
What is 92 divided by 3?,30
Calculate the integral of 78x from 0 to 9.,3159
What is the area of a circle with radius 76?,18136.64
What is the solution for x in the equation 2x - 99 = 83?,91
A bag contains 99 red and 44 blue balls. What is the probability of drawing a red ball?,69.23%
"Calculate the average of the numbers 52, 79, and 78.",69
Calculate the integral of 30x from 0 to 98.,144060
What is the probability of rolling a die and getting a number greater than 7?,-16.67%
What is 99 minus 100?,-1
What is 46 times 17?,782
Solve for x in the equation x + 42 = 72.,30
What is the area of a rectangle with width 58 and height 54?,3132
"Calculate the average of the numbers 80, 99, and 55.",78
A bag contains 29 red and 40 blue balls. What is the probability of drawing a red ball?,42.03%
Calculate the integral of 24x from 0 to 3.,108
What is the perimeter of a square with side length 50?,200
A bag contains 73 red and 63 blue balls. What is the probability of drawing a red ball?,53.68%
"Find the median of 55, 75, and 59.",59
What is 95 times 85?,8075
What is the perimeter of a square with side length 21?,84
"Find the median of 25, 2, and 59.",25
What is 97 plus 23?,120
What is the area of a circle with radius 64?,12861.44
What is the area of a rectangle with width 29 and height 53?,1537
What is the probability of rolling a die and getting a number greater than 15?,-150.0%
Solve for x in the equation x + 36 = 23.,-13
Calculate the integral of 76x from 0 to 91.,314678
Find the derivative of 63x^2 at x = 31.,3906
Find the derivative of 41x^2 at x = 17.,1394
Find the derivative of 22x^2 at x = 56.,2464
What is 98 minus 45?,53
A bag contains 27 red and 93 blue balls. What is the probability of drawing a red ball?,22.5%
Calculate the integral of 15x from 0 to 58.,25230
What is 87 divided by 53?,1
What is 88 minus 80?,8
What is the probability of rolling a die and getting a number greater than 8?,-33.33%
What is the probability of rolling a die and getting a number greater than 79?,-1216.67%
What is 100 plus 36?,136
What is the perimeter of a square with side length 67?,268
What is the solution for x in the equation 2x - 21 = 47?,34
Calculate the integral of 23x from 0 to 37.,15743
What is the area of a circle with radius 82?,21113.36
A bag contains 4 red and 3 blue balls. What is the probability of drawing a red ball?,57.14%
What is 85 times 54?,4590
A bag contains 83 red and 26 blue balls. What is the probability of drawing a red ball?,76.15%
What is the perimeter of a square with side length 42?,168
"Find the median of 64, 11, and 19.",19
What is the area of a rectangle with width 69 and height 47?,3243
What is 43 divided by 58?,0
Solve for x in the equation x + 3 = 53.,50
What is the area of a rectangle with width 67 and height 43?,2881
Solve for x in the equation x + 82 = 88.,6
"Calculate the average of the numbers 86, 5, and 62.",51
Calculate the integral of 22x from 0 to 66.,47916
What is the area of a rectangle with width 76 and height 36?,2736
What is 2 minus 95?,-93
What is the perimeter of a square with side length 71?,284
Calculate the integral of 3x from 0 to 31.,1441
What is 88 plus 11?,99
What is the solution for x in the equation 2x - 100 = 90?,95
Calculate the integral of 75x from 0 to 13.,6337
Calculate the integral of 40x from 0 to 9.,1620
"Calculate the average of the numbers 80, 63, and 70.",71
What is 49 plus 90?,139
Calculate the integral of 74x from 0 to 33.,40293
Find the derivative of 79x^2 at x = 51.,8058
Find the derivative of 65x^2 at x = 97.,12610
What is 39 times 83?,3237
Solve for x in the equation x + 10 = 38.,28
What is the probability of rolling a die and getting a number greater than 5?,16.67%
"Find the median of 67, 6, and 42.",42
A bag contains 35 red and 18 blue balls. What is the probability of drawing a red ball?,66.04%
What is 61 divided by 47?,1
What is 33 minus 40?,-7
What is 57 divided by 25?,2
What is the area of a circle with radius 15?,706.5
What is the probability of rolling a die and getting a number greater than 63?,-950.0%
What is the solution for x in the equation 2x - 10 = 91?,50
Find the derivative of 41x^2 at x = 94.,7708
"Find the median of 7, 25, and 2.",7
Calculate the integral of 34x from 0 to 94.,150212
What is 40 minus 79?,-39
What is the area of a circle with radius 43?,5805.86
Calculate the integral of 30x from 0 to 86.,110940
What is the probability of rolling a die and getting a number greater than 63?,-950.0%
What is 50 divided by 43?,1
"Calculate the average of the numbers 63, 18, and 2.",27
What is the probability of rolling a die and getting a number greater than 100?,-1566.67%
Find the derivative of 20x^2 at x = 65.,2600
Solve for x in the equation x + 93 = 62.,-31
What is the area of a rectangle with width 52 and height 42?,2184
What is the area of a circle with radius 89?,24871.94
Calculate the integral of 77x from 0 to 26.,26026
What is the area of a circle with radius 93?,27157.86
What is the area of a rectangle with width 19 and height 79?,1501
What is 34 minus 93?,-59
What is the area of a circle with radius 39?,4775.94
"Find the median of 39, 50, and 61.",50
What is 61 divided by 24?,2
What is 31 plus 61?,92
What is the area of a circle with radius 57?,10201.86
What is the area of a circle with radius 88?,24316.16
What is the area of a circle with radius 77?,18617.06
What is the area of a rectangle with width 42 and height 47?,1974
What is 45 plus 38?,83
What is the area of a circle with radius 12?,452.16
What is the area of a rectangle with width 37 and height 89?,3293
"Calculate the average of the numbers 15, 62, and 68.",48
Solve for x in the equation x + 22 = 68.,46
Solve for x in the equation x + 13 = 99.,86
Find the derivative of 86x^2 at x = 97.,16684
What is 72 times 45?,3240
A bag contains 72 red and 24 blue balls. What is the probability of drawing a red ball?,75.0%
Calculate the integral of 41x from 0 to 33.,22324
What is 30 plus 1?,31
"Calculate the average of the numbers 72, 75, and 12.",53
A bag contains 92 red and 9 blue balls. What is the probability of drawing a red ball?,91.09%
What is the solution for x in the equation 2x - 84 = 55?,69
Calculate the integral of 48x from 0 to 77.,142296
A bag contains 86 red and 67 blue balls. What is the probability of drawing a red ball?,56.21%
What is the area of a circle with radius 80?,20096.0
What is the solution for x in the equation 2x - 86 = 63?,74
What is the probability of rolling a die and getting a number greater than 47?,-683.33%
What is the perimeter of a square with side length 40?,160
"Calculate the average of the numbers 32, 99, and 37.",56
"Calculate the average of the numbers 67, 98, and 43.",69
What is the perimeter of a square with side length 65?,260
"Calculate the average of the numbers 27, 100, and 85.",70
What is 13 minus 49?,-36
What is the probability of rolling a die and getting a number greater than 51?,-750.0%
What is the area of a rectangle with width 82 and height 44?,3608
"Find the median of 42, 34, and 37.",37
What is 97 times 89?,8633
"Find the median of 20, 64, and 77.",64
A bag contains 90 red and 39 blue balls. What is the probability of drawing a red ball?,69.77%
What is 45 times 10?,450
"Find the median of 5, 75, and 61.",61
Calculate the integral of 54x from 0 to 99.,264627
What is 79 divided by 93?,0
What is the perimeter of a square with side length 6?,24
"Find the median of 17, 43, and 57.",43
What is 59 plus 6?,65
"Calculate the average of the numbers 58, 32, and 99.",63
Solve for x in the equation x + 33 = 23.,-10
What is 72 divided by 80?,0
What is the area of a rectangle with width 62 and height 3?,186
Calculate the integral of 19x from 0 to 54.,27702
What is 92 times 40?,3680
What is 18 times 42?,756
What is 100 divided by 47?,2
Solve for x in the equation x + 78 = 48.,-30
Find the derivative of 97x^2 at x = 94.,18236
What is the perimeter of a square with side length 10?,40
"Find the median of 58, 67, and 18.",58
Solve for x in the equation x + 59 = 77.,18
What is the probability of rolling a die and getting a number greater than 20?,-233.33%
What is 61 minus 27?,34
What is 19 divided by 38?,0
What is the probability of rolling a die and getting a number greater than 35?,-483.33%
What is the solution for x in the equation 2x - 23 = 11?,17
What is 45 plus 73?,118
What is the area of a rectangle with width 12 and height 41?,492
What is the probability of rolling a die and getting a number greater than 28?,-366.67%
What is the area of a circle with radius 22?,1519.76
What is the area of a rectangle with width 96 and height 9?,864
What is 40 minus 18?,22
What is the probability of rolling a die and getting a number greater than 83?,-1283.33%
Solve for x in the equation x + 5 = 56.,51
What is 59 divided by 53?,1
What is the perimeter of a square with side length 21?,84
What is 5 times 91?,455
A bag contains 19 red and 7 blue balls. What is the probability of drawing a red ball?,73.08%
What is the area of a rectangle with width 20 and height 57?,1140
What is 59 minus 39?,20
What is 94 minus 71?,23
What is the perimeter of a square with side length 4?,16
What is 72 times 95?,6840
What is 47 times 79?,3713
A bag contains 25 red and 17 blue balls. What is the probability of drawing a red ball?,59.52%
What is 60 minus 54?,6
Solve for x in the equation x + 90 = 96.,6
What is the area of a rectangle with width 60 and height 94?,5640
A bag contains 64 red and 10 blue balls. What is the probability of drawing a red ball?,86.49%
Solve for x in the equation x + 79 = 80.,1
"Calculate the average of the numbers 31, 69, and 95.",65
What is 76 times 65?,4940
Calculate the integral of 20x from 0 to 10.,1000
What is the solution for x in the equation 2x - 75 = 50?,62
"Calculate the average of the numbers 54, 52, and 38.",48
What is the solution for x in the equation 2x - 100 = 18?,59
What is 69 times 16?,1104
"Calculate the average of the numbers 22, 45, and 82.",49
Find the derivative of 24x^2 at x = 24.,1152
What is 13 plus 41?,54
What is the perimeter of a square with side length 100?,400
What is 10 minus 75?,-65
What is 81 divided by 55?,1
What is the solution for x in the equation 2x - 39 = 53?,46
What is the area of a circle with radius 28?,2461.76
"Calculate the average of the numbers 93, 75, and 79.",82
What is 100 times 88?,8800
What is 27 divided by 58?,0
What is the probability of rolling a die and getting a number greater than 100?,-1566.67%
"Find the median of 97, 34, and 38.",38
What is 11 plus 49?,60
Find the derivative of 81x^2 at x = 10.,1620
A bag contains 36 red and 91 blue balls. What is the probability of drawing a red ball?,28.35%
"Find the median of 60, 91, and 77.",77
"Find the median of 20, 33, and 88.",33
Find the derivative of 54x^2 at x = 69.,7452
What is 72 times 39?,2808
Find the derivative of 33x^2 at x = 72.,4752
"Calculate the average of the numbers 78, 46, and 97.",73
What is 80 minus 38?,42
What is 11 minus 92?,-81
"Find the median of 28, 37, and 28.",28
What is 69 plus 89?,158
Calculate the integral of 92x from 0 to 19.,16606
What is 96 divided by 58?,1
What is the perimeter of a square with side length 73?,292
A bag contains 3 red and 42 blue balls. What is the probability of drawing a red ball?,6.67%
What is 46 minus 51?,-5
Find the derivative of 62x^2 at x = 15.,1860
What is the perimeter of a square with side length 84?,336
"Find the median of 31, 17, and 39.",31
What is the perimeter of a square with side length 73?,292
Solve for x in the equation x + 21 = 19.,-2
What is 8 divided by 43?,0
What is the area of a circle with radius 64?,12861.44
What is the area of a rectangle with width 37 and height 54?,1998
"Calculate the average of the numbers 79, 24, and 4.",35
What is the area of a circle with radius 87?,23766.66
What is the probability of rolling a die and getting a number greater than 42?,-600.0%
Solve for x in the equation x + 69 = 97.,28
What is the perimeter of a square with side length 46?,184
Find the derivative of 71x^2 at x = 86.,12212
"Find the median of 12, 29, and 82.",29
What is the solution for x in the equation 2x - 73 = 88?,80
Calculate the integral of 54x from 0 to 81.,177147
What is 75 minus 3?,72
What is 97 plus 89?,186
What is the area of a rectangle with width 14 and height 9?,126
What is 32 minus 55?,-23
What is the perimeter of a square with side length 84?,336
A bag contains 9 red and 65 blue balls. What is the probability of drawing a red ball?,12.16%
What is the probability of rolling a die and getting a number greater than 93?,-1450.0%
"Find the median of 59, 89, and 63.",63
What is the solution for x in the equation 2x - 48 = 50?,49
Calculate the integral of 53x from 0 to 29.,22286
What is the solution for x in the equation 2x - 82 = 26?,54
What is 86 divided by 100?,0
"Find the median of 67, 2, and 91.",67
What is 58 times 86?,4988
What is 37 plus 21?,58
Find the derivative of 57x^2 at x = 25.,2850
What is the solution for x in the equation 2x - 74 = 14?,44
What is the area of a rectangle with width 80 and height 91?,7280
What is 32 minus 23?,9
What is 14 divided by 28?,0
What is the area of a rectangle with width 53 and height 79?,4187
What is 85 minus 85?,0
Find the derivative of 55x^2 at x = 51.,5610
"Calculate the average of the numbers 66, 74, and 10.",50
What is the solution for x in the equation 2x - 36 = 83?,59
Solve for x in the equation x + 33 = 64.,31
What is 21 times 66?,1386
What is the area of a rectangle with width 20 and height 85?,1700
What is 80 minus 78?,2
What is the probability of rolling a die and getting a number greater than 80?,-1233.33%
A bag contains 70 red and 45 blue balls. What is the probability of drawing a red ball?,60.87%
Find the derivative of 17x^2 at x = 57.,1938
Find the derivative of 86x^2 at x = 36.,6192
Solve for x in the equation x + 26 = 27.,1
What is the probability of rolling a die and getting a number greater than 78?,-1200.0%
"Calculate the average of the numbers 65, 80, and 9.",51
What is 57 times 57?,3249
A bag contains 63 red and 31 blue balls. What is the probability of drawing a red ball?,67.02%
What is 96 minus 98?,-2
What is the area of a rectangle with width 82 and height 69?,5658
What is the perimeter of a square with side length 76?,304
What is 43 divided by 23?,1
"Find the median of 9, 87, and 71.",71
What is 32 times 76?,2432
What is 20 plus 39?,59
What is 14 divided by 93?,0
What is the area of a circle with radius 31?,3017.54
"Find the median of 78, 76, and 25.",76
What is the area of a rectangle with width 78 and height 99?,7722
What is 39 divided by 69?,0
What is 50 divided by 82?,0
Find the derivative of 16x^2 at x = 3.,96
What is the solution for x in the equation 2x - 23 = 13?,18
Find the derivative of 10x^2 at x = 43.,860
What is the area of a circle with radius 68?,14519.36
What is 44 divided by 45?,0
A bag contains 47 red and 47 blue balls. What is the probability of drawing a red ball?,50.0%
Find the derivative of 69x^2 at x = 36.,4968
What is the area of a circle with radius 20?,1256.0
What is 32 minus 8?,24
A bag contains 11 red and 86 blue balls. What is the probability of drawing a red ball?,11.34%
What is the area of a circle with radius 43?,5805.86
Find the derivative of 37x^2 at x = 17.,1258
A bag contains 77 red and 31 blue balls. What is the probability of drawing a red ball?,71.3%
What is 25 minus 58?,-33
Calculate the integral of 72x from 0 to 93.,311364
What is the area of a circle with radius 73?,16733.06
What is the solution for x in the equation 2x - 43 = 93?,68
What is 33 minus 71?,-38
Find the derivative of 87x^2 at x = 1.,174
"Find the median of 17, 83, and 38.",38
What is 53 plus 61?,114
"Calculate the average of the numbers 46, 32, and 28.",35
A bag contains 21 red and 88 blue balls. What is the probability of drawing a red ball?,19.27%
"Calculate the average of the numbers 95, 99, and 46.",80
"Find the median of 67, 43, and 55.",55
What is the area of a circle with radius 29?,2640.74
A bag contains 47 red and 45 blue balls. What is the probability of drawing a red ball?,51.09%
What is the area of a rectangle with width 51 and height 72?,3672
What is the area of a circle with radius 76?,18136.64
What is the solution for x in the equation 2x - 58 = 24?,41
A bag contains 84 red and 75 blue balls. What is the probability of drawing a red ball?,52.83%
What is the solution for x in the equation 2x - 59 = 79?,69
Solve for x in the equation x + 86 = 60.,-26
What is 69 plus 19?,88
"Find the median of 5, 32, and 13.",13
What is the area of a rectangle with width 93 and height 80?,7440
What is 18 minus 56?,-38
"Find the median of 12, 81, and 3.",12
What is the area of a rectangle with width 74 and height 16?,1184
What is 27 minus 74?,-47
What is the perimeter of a square with side length 95?,380
Solve for x in the equation x + 1 = 65.,64
Find the derivative of 82x^2 at x = 74.,12136
What is 18 plus 24?,42
What is the area of a circle with radius 17?,907.46
What is the perimeter of a square with side length 9?,36
What is 33 times 6?,198
Calculate the integral of 46x from 0 to 12.,3312
"Find the median of 64, 8, and 75.",64
Solve for x in the equation x + 33 = 68.,35
What is the perimeter of a square with side length 72?,288
What is 48 times 30?,1440
What is 50 plus 37?,87
Find the derivative of 38x^2 at x = 90.,6840
What is the area of a rectangle with width 22 and height 94?,2068
What is the area of a circle with radius 9?,254.34
What is 25 minus 59?,-34
What is the perimeter of a square with side length 39?,156
What is 54 plus 27?,81
What is the probability of rolling a die and getting a number greater than 50?,-733.33%
What is 76 times 77?,5852
What is the probability of rolling a die and getting a number greater than 23?,-283.33%
What is 71 minus 7?,64
What is 15 times 17?,255
What is 7 minus 28?,-21
What is the probability of rolling a die and getting a number greater than 34?,-466.67%
What is the solution for x in the equation 2x - 5 = 69?,37
"Calculate the average of the numbers 42, 39, and 94.",58
What is 18 plus 19?,37
"Calculate the average of the numbers 23, 56, and 71.",50
What is the solution for x in the equation 2x - 62 = 17?,39
What is 36 times 43?,1548
Calculate the integral of 19x from 0 to 62.,36518
A bag contains 59 red and 6 blue balls. What is the probability of drawing a red ball?,90.77%
What is 23 plus 33?,56
What is 99 divided by 61?,1
What is the perimeter of a square with side length 2?,8
What is the solution for x in the equation 2x - 99 = 70?,84
What is the probability of rolling a die and getting a number greater than 86?,-1333.33%
What is the perimeter of a square with side length 81?,324
What is 96 times 49?,4704
What is 21 times 61?,1281
"Calculate the average of the numbers 53, 9, and 42.",34
A bag contains 61 red and 88 blue balls. What is the probability of drawing a red ball?,40.94%
Find the derivative of 92x^2 at x = 58.,10672
"Calculate the average of the numbers 51, 57, and 80.",62
"Find the median of 80, 25, and 2.",25
What is the solution for x in the equation 2x - 86 = 73?,79
Solve for x in the equation x + 29 = 30.,1
"Find the median of 94, 73, and 89.",89
Solve for x in the equation x + 9 = 96.,87
What is 90 times 24?,2160
"Find the median of 88, 73, and 57.",73
What is the perimeter of a square with side length 24?,96
What is 43 divided by 60?,0
What is the solution for x in the equation 2x - 64 = 61?,62
"Calculate the average of the numbers 95, 9, and 11.",38
"Calculate the average of the numbers 94, 57, and 55.",68
"Calculate the average of the numbers 61, 73, and 51.",61
What is 80 times 85?,6800
What is the area of a circle with radius 38?,4534.16
What is 88 minus 79?,9
What is 60 plus 25?,85
What is 27 minus 61?,-34
What is the solution for x in the equation 2x - 82 = 82?,82
"Find the median of 78, 28, and 34.",34
A bag contains 17 red and 51 blue balls. What is the probability of drawing a red ball?,25.0%
What is the solution for x in the equation 2x - 58 = 32?,45
What is 14 divided by 37?,0
What is the solution for x in the equation 2x - 58 = 63?,60
What is the area of a rectangle with width 13 and height 5?,65
What is 49 divided by 67?,0
What is the area of a circle with radius 79?,19596.74
What is the probability of rolling a die and getting a number greater than 41?,-583.33%
What is 42 divided by 23?,1
What is the perimeter of a square with side length 63?,252
What is the probability of rolling a die and getting a number greater than 3?,50.0%
What is the perimeter of a square with side length 76?,304
What is 64 plus 47?,111
What is 8 divided by 58?,0
What is 10 plus 30?,40
A bag contains 63 red and 11 blue balls. What is the probability of drawing a red ball?,85.14%
"Calculate the average of the numbers 73, 56, and 42.",57
What is the probability of rolling a die and getting a number greater than 47?,-683.33%
"Calculate the average of the numbers 57, 37, and 33.",42
"Calculate the average of the numbers 21, 99, and 55.",58
What is the area of a circle with radius 79?,19596.74
Solve for x in the equation x + 50 = 48.,-2
A bag contains 19 red and 40 blue balls. What is the probability of drawing a red ball?,32.2%
"Calculate the average of the numbers 12, 28, and 69.",36
A bag contains 91 red and 29 blue balls. What is the probability of drawing a red ball?,75.83%
A bag contains 99 red and 20 blue balls. What is the probability of drawing a red ball?,83.19%
What is 3 divided by 61?,0
Find the derivative of 38x^2 at x = 84.,6384
What is the probability of rolling a die and getting a number greater than 18?,-200.0%
What is 92 plus 23?,115
What is the perimeter of a square with side length 52?,208
Solve for x in the equation x + 68 = 78.,10
What is 97 minus 81?,16
Calculate the integral of 58x from 0 to 68.,134096
What is 4 plus 88?,92
Find the derivative of 67x^2 at x = 52.,6968
A bag contains 75 red and 68 blue balls. What is the probability of drawing a red ball?,52.45%
What is the probability of rolling a die and getting a number greater than 53?,-783.33%
What is the solution for x in the equation 2x - 75 = 20?,47
"Calculate the average of the numbers 18, 4, and 84.",35
What is 100 plus 67?,167
What is the perimeter of a square with side length 47?,188
Solve for x in the equation x + 30 = 59.,29
What is the area of a circle with radius 16?,803.84
Calculate the integral of 91x from 0 to 15.,10237
Calculate the integral of 45x from 0 to 93.,194602
Solve for x in the equation x + 66 = 68.,2
What is 31 times 74?,2294
What is 23 plus 25?,48
What is the area of a circle with radius 17?,907.46
What is 87 minus 42?,45
"Find the median of 13, 29, and 79.",29
A bag contains 47 red and 88 blue balls. What is the probability of drawing a red ball?,34.81%
Solve for x in the equation x + 22 = 19.,-3
"Find the median of 26, 60, and 70.",60
Solve for x in the equation x + 18 = 81.,63
"Calculate the average of the numbers 58, 68, and 61.",62
